{
	"id": "0529c30b-0c96-475a-b556-93742e1424b4",
	"name": "uda_azdevops_p3",
	"values": [
		{
			"key": "firstName",
			"value": "Oleta",
			"type": "default",
			"enabled": true
		},
		{
			"key": "lastName",
			"value": "Abbott",
			"type": "default",
			"enabled": true
		},
		{
			"key": "age",
			"value": "31",
			"type": "any",
			"enabled": true
		},
		{
			"key": "id",
			"value": "7",
			"type": "default",
			"enabled": true
		}
	],
	"_postman_variable_scope": "environment",
	"_postman_exported_at": "2022-11-07T04:54:33.231Z",
	"_postman_exported_using": "Postman/9.0.9"
}